Name,Status
Gesundbrunnen,Ortsteil
Hansaviertel,Ortsteil
Mitte,Ortsteil
Moabit,Ortsteil
Tiergarten,Ortsteil
Wedding,Ortsteil
Charlottenburg,Ortsteil
Charlottenburg-Nord,Ortsteil
Grunewald,Ortsteil
Halensee,Ortsteil
Schmargendorf,Ortsteil
Westend,Ortsteil
Wilmersdorf,Ortsteil
Friedrichshain,Ortsteil
Kreuzberg,Ortsteil
Alt-Hohenschönhausen,Ortsteil
Falkenberg,Ortsteil
Fennpfuhl,Ortsteil
Friedrichsfelde,Ortsteil
Karlshorst,Ortsteil
Lichtenberg,Ortsteil
Malchow,Ortsteil
Neu-Hohenschönhausen,Ortsteil
Rummelsburg,Ortsteil
Wartenberg,Ortsteil
Biesdorf,Ortsteil
Hellersdorf,Ortsteil
Kaulsdorf,Ortsteil
Mahlsdorf,Ortsteil
Marzahn,Ortsteil
Britz,Ortsteil
Buckow,Ortsteil
Gropiusstadt,Ortsteil
Neukölln,Ortsteil
Rudow,Ortsteil
Blankenburg,Ortsteil
Blankenfelde,Ortsteil
Buch,Ortsteil
Französisch Buchholz,Ortsteil
Heinersdorf,Ortsteil
Karow,Ortsteil
Niederschönhausen,Ortsteil
Pankow,Ortsteil
Prenzlauer Berg,Ortsteil
Rosenthal,Ortsteil
Stadtrandsiedlung Malchow,Ortsteil
Weißensee,Ortsteil
Wilhelmsruh,Ortsteil
Borsigwalde,Ortsteil
Frohnau,Ortsteil
Heiligensee,Ortsteil
Hermsdorf,Ortsteil
Konradshöhe,Ortsteil
Lübars,Ortsteil
Märkisches Viertel,Ortsteil
Reinickendorf,Ortsteil
Tegel,Ortsteil
Waidmannslust,Ortsteil
Wittenau,Ortsteil
Falkenhagener Feld,Ortsteil
Gatow,Ortsteil
Hakenfelde,Ortsteil
Haselhorst,Ortsteil
Kladow,Ortsteil
Siemensstadt,Ortsteil
Spandau,Ortsteil
Staaken,Ortsteil
Wilhelmstadt,Ortsteil
Dahlem,Ortsteil
Lankwitz,Ortsteil
Lichterfelde,Ortsteil
Nikolassee,Ortsteil
Steglitz,Ortsteil
Wannsee,Ortsteil
Zehlendorf,Ortsteil
Friedenau,Ortsteil
Lichtenrade,Ortsteil
Mariendorf,Ortsteil
Marienfelde,Ortsteil
Schöneberg,Ortsteil
Tempelhof,Ortsteil
Adlershof,Ortsteil
Altglienicke,Ortsteil
Alt-Treptow,Ortsteil
Baumschulenweg,Ortsteil
Bohnsdorf,Ortsteil
Friedrichshagen,Ortsteil
Grünau,Ortsteil
Johannisthal,Ortsteil
Köpenick,Ortsteil
Müggelheim,Ortsteil
Niederschöneweide,Ortsteil
Oberschöneweide,Ortsteil
Plänterwald,Ortsteil
Rahnsdorf,Ortsteil
Schmöckwitz,Ortsteil
